observableId,simulationConditionId,measurement,time
PARP_cPARP,E_0_INS_0_k316_3_24,12.3866666666667,24
PARP_cPARP,E_0_INS_0_k316_3_48,15.6133333333333,48
PARP_cPARP,E_20_INS_0p001_k316_3_24,34.0035666666667,24
PARP_cPARP,E_20_INS_0p001_k316_3_48,52.3225333333333,48
PARP_cPARP,E_20_INS_0p001_k316_3_72,62.6129,72
