observableId	simulationConditionId	measurement	time
cPARP_100plus	E_0_INS_0_k316_3	12.3866666666667	86400
cPARP_100plus	E_0_INS_0_k316_3	15.6133333333333	172800
cPARP_100plus	E_20_INS_0p001_k316_3	34.0035666666667	86400
cPARP_100plus	E_20_INS_0p001_k316_3	52.3225333333333	172800
cPARP_100plus	E_20_INS_0p001_k316_3	62.6129	259200
