	observableId	simulationConditionId	measurement	time
0	cPARP_100plus	E_0_INS_0_k316_3_24	12.3866666666667	86400
1	cPARP_100plus	E_0_INS_0_k316_3_48	15.6133333333333	172800
2	cPARP_100plus	E_20_INS_0p001_k316_3_24	34.0035666666667	86400
3	cPARP_100plus	E_20_INS_0p001_k316_3_48	52.3225333333333	172800
4	cPARP_100plus	E_20_INS_0p001_k316_3_72	62.6129	259200
