conditionId	conditionName	k1669	k1672	k1748	k1752	L	m_BBC3	m_PMAIP1	flagD
TRAIL_only	Low TRAIL Dose	0.001	0.001	0.05	0.05	0.005	0.000316	0.00126	1
TRAIL_ERK_AKT	Upregulated ERK and ppAKT 	0.01	0.01	0.5	0.5	0.005	0.000316	0.00126	1
TRIAL_PUMA_NOXA	PUMA and NOXA upregulated	0.001	0.001	0.05	0.05	0.005	0.00632	0.0252	1
