conditionId	conditionName	E	H	HGF	P	F	I	INS	E1	E3	E4	Met	Pr	Fr	Ir	Isr
		0.001	0.01	0.1	1	10	100	1000	60.8754593	60.8754593	60.8754593	60.8754593	60.8754593	60.8754593	60.8754593	60.8754593
