conditionId	conditionName	m_CCND1	m_CCND2	m_CCND3	CCND1	CCND2	CCND3	flagD
GF_0_CCND123_1	cyclin D 1.0	0.001	0.000316	0.000632	0	0	0	1
GF_0_CCND123_10	cyclin D 10.0	0.01	0.00316	0.00632	0	0	0	1
GF_0_CCND123_60	cyclin D 60.0	0.06	0.01896	0.03792	0	0	0	1
